source,title,description,publishedAt,url
The Times of India,IT selling nearing an end; banks and FMCG remain top bets: Neeraj Dewan,"Broader markets show resilience despite IT sector weakness, with expert Neeraj Dewan suggesting investor confidence hinges on stronger company outlooks.  While IT valuations are becoming attractive, caution is advised for long-term investors.  Traders might s…",2026-07-02T07:37:21Z,https://economictimes.indiatimes.com/markets/expert-view/it-selling-nearing-an-end-banks-and-fmcg-remain-top-bets-neeraj-dewan/articleshow/132132457.cms
Core77.com,The 2026 Core77 Design Awards Packaging Winners,"The 2026 Professional winner in the Packaging category is From Packaging to Sculpture: Luxury Reimagined, from s778 Heritage. This project transforms secondary packaging for a premium gin into a sculptural, multifunctional object—crafted from a custom-develop…",2026-06-18T14:00:00Z,https://www.core77.com/posts/144494/The-2026-Core77-Design-Awards-Packaging-Winners
Packaging-gateway.com,RFBL secures packaging materials supply order from 3B Films,"The materials are used in packaging for food, FMCG, pharmaceuticals and industrial products.",2026-06-30T15:35:53Z,https://www.packaging-gateway.com/news/rfbl-3b-films-packaging-materials/
Yahoo Entertainment,Wells Fargo Lifts PT on Amazon.com (AMZN) Stock,"Amazon.com, Inc. (NASDAQ:AMZN) is one of the Best Monopoly Stocks to Buy According to Hedge Funds. On July 2, Wells Fargo raised its price objective for the...",2026-07-14T15:13:14Z,https://finance.yahoo.com/markets/stocks/articles/wells-fargo-lifts-pt-amazon-151314089.html
Yahoo Entertainment,Baird Raises PT on Visa (V) Stock,"Visa Inc. (NYSE:V) is one of the Best Monopoly Stocks to Buy According to Hedge Funds. On July 6, Baird lifted the price objective on the company’s stock to...",2026-07-14T15:15:25Z,https://finance.yahoo.com/markets/stocks/articles/baird-raises-pt-visa-v-151525394.html
Yahoo Entertainment,Daiwa Reduces PT on Alibaba Group Holding Limited (BABA) Stock,"Alibaba Group Holding Limited (NYSE:BABA) is one of the Best Cloud Computing Stocks to Buy According to Hedge Funds. On June 24, Daiwa reduced the price obje...",2026-06-27T22:17:41Z,https://finance.yahoo.com/markets/stocks/articles/daiwa-reduces-pt-alibaba-group-221741927.html
Yahoo Entertainment,Hers’s Why Alphabet (GOOGL) Is One of the Best Cloud Computing Stocks to Buy According to Hedge Funds,"Alphabet Inc. (NASDAQ:GOOGL) is one of the Best Cloud Computing Stocks to Buy According to Hedge Funds. On June 22, Jefferies analyst Brent Thill maintained...",2026-06-27T22:17:28Z,https://finance.yahoo.com/technology/articles/hers-why-alphabet-googl-one-221728025.html
Yahoo Entertainment,Microsoft (MSFT): One of the Best Cloud Computing Stocks to Buy According to Hedge Funds,"Microsoft Corporation (NASDAQ:MSFT) is one of the Best Cloud Computing Stocks to Buy According to Hedge Funds. On June 22, the company announced one of the l...",2026-06-27T22:17:20Z,https://finance.yahoo.com/technology/articles/microsoft-msft-one-best-cloud-221720086.html
Yahoo Entertainment,Evercore ISI Raises PT on American Express Company (AXP) Stock,"American Express Company (NYSE:AXP) is one of the Best Monopoly Stocks to Buy According to Hedge Funds. On July 6, Evercore ISI lifted its price objective on...",2026-07-13T09:21:35Z,https://finance.yahoo.com/markets/stocks/articles/evercore-isi-raises-pt-american-092135159.html
Yahoo Entertainment,NVIDIA (NVDA): One of the Best Monopoly Stocks to Buy According to Hedge Funds,"NVIDIA Corporation (NASDAQ:NVDA) is one of the Best Monopoly Stocks to Buy According to Hedge Funds. On July 8, TD Cowen analyst Joshua Buchalter reiterated...",2026-07-14T15:14:02Z,https://finance.yahoo.com/markets/stocks/articles/nvidia-nvda-one-best-monopoly-151402143.html
Yahoo Entertainment,Baird Initiates Coverage on Abbott Laboratories (ABT) Stock with Outperform Rating,"Abbott Laboratories (NYSE:ABT) is one of the Best Monopoly Stocks to Buy According to Hedge Funds. On June 30, Baird initiated coverage on the company’s stoc...",2026-07-13T09:21:45Z,https://finance.yahoo.com/markets/stocks/articles/baird-initiates-coverage-abbott-laboratories-092145070.html
Yahoo Entertainment,Here’s Why Alphabet (GOOGL) Is One of the Best Monopoly Stocks to Buy According to Hedge Funds,"Alphabet Inc. (NASDAQ:GOOGL) is one of the Best Monopoly Stocks to Buy According to Hedge Funds. On July 7, Cognizant announced a significant expansion of it...",2026-07-14T15:14:39Z,https://finance.yahoo.com/markets/stocks/articles/why-alphabet-googl-one-best-151439370.html
Yahoo Entertainment,Scotiabank Raises PT on Datadog (DDOG) Stock,"Datadog, Inc. (NASDAQ:DDOG) is one of the Best Cloud Computing Stocks to Buy According to Hedge Funds. On June 18, Scotiabank analyst Patrick Colville lifted...",2026-06-27T22:17:55Z,https://finance.yahoo.com/markets/stocks/articles/scotiabank-raises-pt-datadog-ddog-221755577.html
Yahoo Entertainment,Goldman Sachs Raises PT on Dynatrace (DT) Stock,"Dynatrace, Inc. (NYSE:DT) is one of the Best Cloud Computing Stocks to Buy According to Hedge Funds. On June 17, Goldman Sachs analyst Matthew Martino lifted...",2026-06-27T22:18:11Z,https://finance.yahoo.com/markets/stocks/articles/goldman-sachs-raises-pt-dynatrace-221811886.html
Yahoo Entertainment,Morgan Stanley Raises PT on International Business Machines (IBM) Stock,"International Business Machines Corporation (NYSE:IBM) is one of the Best Cloud Computing Stocks to Buy According to Hedge Funds. On June 23, Morgan Stanley...",2026-06-27T22:18:04Z,https://finance.yahoo.com/markets/stocks/articles/morgan-stanley-raises-pt-international-221804976.html
Yahoo Entertainment,"Advanced Micro Devices (AMD): Turing Inc. is being backed by AMD Ventures, Reports Bloomberg","Advanced Micro Devices, Inc. (NASDAQ:AMD) is one of the Best Monopoly Stocks to Buy According to Hedge Funds. On July 6, Bloomberg reported that Turing Inc....",2026-07-13T09:21:21Z,https://finance.yahoo.com/technology/ai/articles/advanced-micro-devices-amd-turing-092121852.html
Yahoo Entertainment,Bank of America Maintains Buy Rating on Meta Platforms (META) Stock,"Meta Platforms, Inc. (NASDAQ:META) is one of the Best Monopoly Stocks to Buy According to Hedge Funds. On July 2, Bank of America analyst Justin Post maintai...",2026-07-14T15:15:03Z,https://finance.yahoo.com/markets/stocks/articles/bank-america-maintains-buy-rating-151503359.html
Yahoo Entertainment,Baird Raises PT on Mastercard (MA) Stock,"Mastercard Incorporated (NYSE:MA) is one of the Best Monopoly Stocks to Buy According to Hedge Funds. On July 7, Baird raised its price objective on the comp...",2026-07-14T15:16:14Z,https://finance.yahoo.com/markets/stocks/articles/baird-raises-pt-mastercard-ma-151614322.html
The Punch,FMCG firms slash finance costs by 23% in Q1,"Nigerian FMCG firms cut finance costs by 23% in Q1 2026, boosting profitability and reducing debt. Discover which companies led the decline.

Read More: https://punchng.com/fmcg-firms-slash-finance-costs-by-23-in-q1/",2026-07-08T01:11:08Z,https://punchng.com/fmcg-firms-slash-finance-costs-by-23-in-q1/
iTnews,FMCG giants give consumer products an AI makeover,"Nestle, Haleon, L'Oreal, Mondelez all embrace the technology.",2026-07-06T11:58:00Z,https://www.itnews.com.au/news/fmcg-giants-give-consumer-products-an-ai-makeover-627179?utm_source=feed&utm_medium=rss&utm_campaign=iTnews+
Advfn.com,RedCloud Unveils CORE Trade Execution Engine to Expand Its RedAI Infrastructure,"The new AI-powered execution platform is designed to automate trade workflows, marking the next phase of RedCloud’s strategy to build intelligent infrastruct...",2026-07-13T14:59:51Z,https://investorshub.advfn.com/market-news/article/31777/redcloud-unveils-core-trade-execution-engine-to-expand-its-redai-infrastructure
Addicted2success.com,The 1-Second Rule: How to Turn Your Product Packaging into a 24/7 Silent Salesman,"If you are building a physical product brand today, the retail battlefield has completely shifted. The physical supermarket shelf is disappearing. Today, a massive share of FMCG (Fast-Moving Consumer Goods) purchases begins on a smartphone. Your premium produ…",2026-06-29T17:50:36Z,https://addicted2success.com/scale-your-business/the-1-second-rule-how-to-turn-your-product-packaging-into-a-24-7-silent-salesman/
BusinessLine,Why FMCG giants buy D2C brands,"FMCG giants are acquiring D2C brands to enhance digital reach, innovate quickly, and adapt to evolving consumer demands in India.",2026-06-21T16:10:29Z,https://www.thehindubusinessline.com/specials/corporate-file/why-fmcg-giants-buy-d2c-brands/article71130203.ece
BusinessLine,India’s premium RTD story is no longer a metro phenomenon,"India’s premium ready-to-drink market is expanding into Tier-2 and Tier-3 cities, driven by rising incomes and changing consumer preferences, reshaping the FMCG landscape",2026-06-21T14:14:26Z,https://www.thehindubusinessline.com/companies/indias-premium-rtd-story-is-no-longer-a-metro-phenomenon/article71129686.ece
BusinessLine,Ratnadeep Retail filed DRHP with SEBI for IPO,"Ratnadeep Retail offers diversified product assortment of more than 30,000 SKUs across categories like fresh produce, FMCG, staples, general merchandise and apparels",2026-07-02T09:36:57Z,https://www.thehindubusinessline.com/markets/ratnadeep-retail-filed-drhp-with-sebi-for-ipo/article71173764.ece
BusinessLine,Beauty becomes the crown jewel of D2C deals as FMCG giants chase premium growth,"Nearly 60 per cent of FMCG companies’ D2C acquisitions over the past five years have been in the personal care segment, says Crisil Ratings",2026-06-18T16:18:04Z,https://www.thehindubusinessline.com/companies/beauty-becomes-the-crown-jewel-of-d2c-deals-as-fmcg-giants-chase-premium-growth/article71118853.ece
The Punch,Only 18% of retailers access formal loans – Report,"A new report reveals only 18% of Nigerian retailers in the FMCG sector access formal loans, highlighting significant financial exclusion despite credit bei

Read More: https://punchng.com/only-18-of-retailers-access-formal-loans-report/",2026-06-19T23:36:13Z,https://punchng.com/only-18-of-retailers-access-formal-loans-report/
Prtimes.jp,フェズ、第26回 JAPANドラッグストアショーに出展,"[株式会社フェズ]
[画像1: https://prcdn.freetls.fastly.net/release_image/56777/91/56777-91-0dae50eac8bb481c5c9c22af6c037545-1600x1000.png?width=536&quality=85%2C75&format=jpeg&auto=webp&fit=bounds&am...",2026-07-07T03:00:00Z,https://prtimes.jp/main/html/rd/p/000000091.000056777.html
BusinessLine,FMCG firms optimistic on demand outlook; expect easing input costs to support margins,"Companies like Dabur India, Godrej Consumer Products Ltd (GCPL) and Marico have reported strong business momentum in the June quarter and are optimistic over consumption trends",2026-07-05T07:52:15Z,https://www.thehindubusinessline.com/companies/fmcg-firms-optimistic-on-demand-outlook-expect-easing-input-costs-to-support-margins/article71185327.ece
The Times of India,"FMCG, healthcare in line for strong show in FY27: Brickworks","India's consumer goods and healthcare sectors are poised for robust growth this fiscal year, driven by tax relief, increasing consumer spending, and a booming medical tourism industry.  Brickwork Ratings anticipates a significant revenue jump for consumer goo…",2026-07-04T04:24:15Z,https://economictimes.indiatimes.com/markets/stocks/news/fmcg-healthcare-in-line-for-strong-show-in-fy27-brickworks/articleshow/132174681.cms
BusinessLine,India's FMCG sector growth remains resilient despite inflationary headwinds: Report,"The brokerage noted that sectoral growth is resilient, driven by improved pricing power, seasonal demand, innovation, and GST cuts in some categories",2026-06-30T09:19:45Z,https://www.thehindubusinessline.com/economy/indias-fmcg-sector-growth-remains-resilient-despite-inflationary-headwinds-report/article71164974.ece
BusinessLine,"Isha Ambani sets ₹1 lakh-crore business target as Reliance Consumer Products takes on HUL, ITC and Nestle","RCPL to invest ₹30,000 crore in integrated food parks, expand its presence in more than 40 countries and scale brands such as Campa and Independence",2026-06-19T11:41:00Z,https://www.thehindubusinessline.com/companies/isha-ambani-sets-1-lakh-crore-business-target-as-reliance-consumer-products-takes-on-hul-itc-and-nestle/article71121677.ece
Creative Review,Why custom type is vital for new brands,"Brands that launch with a strong identity, including a strategic use of typography, will stand out to audiences from the beginning, says Chris Nott, co-founder of Studio Drama",2026-06-24T02:56:20Z,https://www.creativereview.co.uk/custom-type-vital-new-brands-studio-drama/
The Times of India,FMCG Q1 demand stable; companies flag El Nino risk,"Household goods demand held steady in Q1 despite price hikes, as companies navigated inflation. However, concerns linger over El Nino's potential impact on monsoon rains and rural consumption. While price increases helped offset rising costs, the sector faces…",2026-07-05T23:06:34Z,https://timesofindia.indiatimes.com/business/india-business/fmcg-q1-demand-stable-companies-flag-el-nino-risk/articleshow/132204774.cms
Forbes,Olly Hiscocks Is Trying To Turn Olives Into The New Potato Chips,"With OLLY’S now stocked in more than 10,000 locations across 20 countries, its founder is trying to prove that olives can move impulse snack aisle.",2026-07-03T18:31:15Z,https://www.forbes.com/sites/lelalondon/2026/07/03/olly-hiscocks-is-trying-to-turn-olives-into-the-new-potato-chips/
PRNewswire,Autonomous Delivery Firm Neolix Expands European Presence as Retailers Fight Urban Logistics Costs,"As FMCG and retail executives seek practical answers to last-mile economics, Neolix arrives with a commercial track record VIENNA and FRANKFURT, Germany, June 26, 2026 /PRNewswire/ -- Last-mile delivery costs continue to rise across Europe, placing growing pr…",2026-06-26T15:23:00Z,https://www.prnewswire.com/news-releases/autonomous-delivery-firm-neolix-expands-european-presence-as-retailers-fight-urban-logistics-costs-302812024.html
Yahoo Entertainment,Alibaba Group Holding (BABA): One of the Stocks with Potential to Explode in 2026,"Alibaba Group Holding Limited (NYSE:BABA) is one of the Stocks with Potential to Explode in 2026. On June 12, Bloomberg reported that Alibaba Group Holding L...",2026-06-21T11:15:14Z,https://finance.yahoo.com/markets/stocks/articles/alibaba-group-holding-baba-one-111514271.html
Yahoo Entertainment,Goldman Sachs Lowers PT on Chewy (CHWY) Stock,"Chewy, Inc. (NYSE:CHWY) is one of the Stocks with Potential to Explode in 2026. On June 12, Goldman Sachs analyst Eric Sheridan reduced its price objective o...",2026-06-21T11:19:38Z,https://finance.yahoo.com/markets/stocks/articles/goldman-sachs-lowers-pt-chewy-111938650.html
Yahoo Entertainment,Abbott Laboratories (ABT): One of the Best Bargain Stocks to Buy in June,"Abbott Laboratories (NYSE:ABT) is one of the Best Bargain Stocks to Buy in June. On June 12, BofA analyst Travis Steed reduced the firm’s price objective on...",2026-06-14T11:15:28Z,https://finance.yahoo.com/markets/stocks/articles/abbott-laboratories-abt-one-best-111528439.html
Yahoo Entertainment,Crowe LLP and KKR & Co. (KKR) Announce an Agreement,"KKR & Co. Inc. (NYSE:KKR) is one of the Best Bargain Stocks to Buy in June. On June 11, Crowe LLP and KKR announced an agreement, wherein the funds managed b...",2026-06-14T11:15:22Z,https://finance.yahoo.com/markets/stocks/articles/crowe-llp-kkr-co-kkr-111522862.html
Yahoo Entertainment,Hers’s Why NVIDIA (NVDA) is One of the Best AI and Technology Stocks to Buy Now,"NVIDIA Corporation (NASDAQ:NVDA) is one of the Best AI and Technology Stocks to Buy Now. On June 22, the company announced NVIDIA Halos for Robotics, which i...",2026-07-04T14:08:47Z,https://finance.yahoo.com/technology/ai/articles/hers-why-nvidia-nvda-one-140847423.html
Yahoo Entertainment,Here’s Why Rocket Companies (RKT) is One of the Stocks with Potential to Explode in 2026,"Rocket Companies, Inc. (NYSE:RKT) is one of the Stocks with Potential to Explode in 2026. On June 16, BTIG downgraded the company’s stock to “Neutral” from “...",2026-06-21T11:15:00Z,https://finance.yahoo.com/markets/stocks/articles/why-rocket-companies-rkt-one-111500243.html
Yahoo Entertainment,Advanced Micro Devices (AMD) and Rackspace Technology Sign a Definitive Agreement,"Advanced Micro Devices, Inc. (NASDAQ:AMD) is one of the Most Promising AI Stocks to Buy and Hold for the Next 2 Years. On June 16, it was announced that Adva...",2026-06-25T08:19:04Z,https://finance.yahoo.com/technology/ai/articles/advanced-micro-devices-amd-rackspace-081904520.html
Yahoo Entertainment,Cantor Fitzgerald Lowers PT on Tyler Technologies (TYL) Stock,"Tyler Technologies, Inc. (NYSE:TYL) is one of the Stocks with Potential to Explode in 2026. On June 10, Cantor Fitzgerald reduced the price objective on the...",2026-06-21T11:19:49Z,https://finance.yahoo.com/markets/stocks/articles/cantor-fitzgerald-lowers-pt-tyler-111949457.html
Yahoo Entertainment,Cantor Fitzgerald Raises PT on Marvell Technology (MRVL) Stock,"Marvell Technology, Inc. (NASDAQ:MRVL) is one of the Best AI and Technology Stocks to Buy Now. On June 29, Cantor Fitzgerald analyst C.J. Muse lifted its pri...",2026-07-04T14:11:21Z,https://finance.yahoo.com/technology/ai/articles/cantor-fitzgerald-raises-pt-marvell-141121931.html
Yahoo Entertainment,Needham Maintains Buy Rating on Zeta Global Holdings (ZETA) Stock,"Zeta Global Holdings Corp. (NYSE:ZETA) is one of the Best AI and Technology Stocks to Buy Now. On June 24, Needham maintained a “Buy” rating on the company’s...",2026-07-04T14:11:30Z,https://finance.yahoo.com/technology/ai/articles/needham-maintains-buy-rating-zeta-141130943.html
Yahoo Entertainment,Wolfe Research Raises PT on Micron Technology (MU) Stock,"Micron Technology, Inc. (NASDAQ:MU) is one of the Best Bargain Stocks to Buy in June. On June 11, Wolfe Research lifted its price objective on the company’s...",2026-06-14T11:15:00Z,https://finance.yahoo.com/markets/stocks/articles/wolfe-research-raises-pt-micron-111500843.html
Yahoo Entertainment,Morgan Stanley Reiterates Buy Rating on Devon Energy (DVN) Stock,"Devon Energy Corporation (NYSE:DVN) is one of the Best Bargain Stocks to Buy in June. On June 12, Morgan Stanley analyst Devin McDermott reiterated a “Buy” r...",2026-06-14T11:15:54Z,https://finance.yahoo.com/markets/stocks/articles/morgan-stanley-reiterates-buy-rating-111554706.html
Yahoo Entertainment,Wolfe Research Initiates Coverage of Super Micro Computer (SMCI) Stock,"Super Micro Computer, Inc. (NASDAQ:SMCI) is one of the Most Undervalued Long Term Stocks to Buy Right Now. On June 11, Wolfe Research initiated coverage of t...",2026-06-16T19:21:56Z,https://finance.yahoo.com/markets/stocks/articles/wolfe-research-initiates-coverage-super-192156921.html
Yahoo Entertainment,"Delta Air Lines (DAL) Might Drop Safran SA, Reports Bloomberg","Delta Air Lines, Inc. (NYSE:DAL) is one of the Most Undervalued Long Term Stocks to Buy Right Now. On June 8, Bloomberg reported that Delta Air Lines, Inc. (...",2026-06-16T19:21:40Z,https://finance.yahoo.com/markets/stocks/articles/delta-air-lines-dal-might-192140931.html
Yahoo Entertainment,Salesforce (CRM) Announces Landmark Partnership,"Salesforce, Inc. (NYSE:CRM) is one of the Most Undervalued Long Term Stocks to Buy Right Now. On June 5, the company announced its landmark partnership. It h...",2026-06-16T19:19:28Z,https://finance.yahoo.com/markets/stocks/articles/salesforce-crm-announces-landmark-partnership-191928369.html
Yahoo Entertainment,Needham Maintains Buy Rating on Zscaler (ZS) Stock,"Zscaler, Inc. (NASDAQ:ZS) is one of the Stocks with Potential to Explode in 2026. On June 15, analyst Mike Cikos of Needham maintained a “Buy” rating on the...",2026-06-21T11:19:44Z,https://finance.yahoo.com/markets/stocks/articles/needham-maintains-buy-rating-zscaler-111944050.html
Yahoo Entertainment,AeroVironment (AVAV) Signs MOU with Ubiqconn Technology Inc.,"AeroVironment, Inc. (NASDAQ:AVAV) is one of the Stocks with Potential to Explode in 2026. On June 11, the company announced that it had signed an MOU with Ub...",2026-06-21T11:19:56Z,https://finance.yahoo.com/markets/stocks/articles/aerovironment-avav-signs-mou-ubiqconn-111956768.html
Yahoo Entertainment,TD Cowen Raises PT on JFrog (FROG) Stock,"JFrog Ltd. (NASDAQ:FROG) is one of the Most Promising AI Stocks to Buy and Hold for the Next 2 Years. On June 18, TD Cowen lifted its price objective on the...",2026-06-25T08:19:17Z,https://finance.yahoo.com/markets/stocks/articles/td-cowen-raises-pt-jfrog-081917426.html
Yahoo Entertainment,GF Securities Upgrades Super Micro Computer (SMCI) Stock to Buy,"Super Micro Computer, Inc. (NASDAQ:SMCI) is one of the Most Promising AI Stocks to Buy and Hold for the Next 2 Years. On June 22, GF Securities upgraded the...",2026-06-25T08:19:27Z,https://finance.yahoo.com/markets/stocks/articles/gf-securities-upgrades-super-micro-081927644.html
Yahoo Entertainment,Is NVIDIA (NVDA) One of the Most Promising AI Stocks to Buy and Hold for the Next 2 Years?,"NVIDIA Corporation (NASDAQ:NVDA) is one of the Most Promising AI Stocks to Buy and Hold for the Next 2 Years. On June 22, the company announced that a record...",2026-06-25T08:18:22Z,https://finance.yahoo.com/technology/ai/articles/nvidia-nvda-one-most-promising-081822131.html
Yahoo Entertainment,KeyBanc Raises PT on Arista Networks (ANET) Stock,"Arista Networks, Inc. (NYSE:ANET) is one of the Most Promising AI Stocks to Buy and Hold for the Next 2 Years. On June 18, KeyBanc analyst Brandon Nispel lif...",2026-06-25T08:19:11Z,https://finance.yahoo.com/markets/stocks/articles/keybanc-raises-pt-arista-networks-081911451.html
The Times of India,ITC FMCG Business Nears $4 Billion Annual Consumer Spend Milestone,"ITC’s non-cigarette FMCG business nears $4B milestone with Rs 37,000 crore consumer spend, 9% annual growth, 30+ Indian brands and 280M households reach.",2026-06-26T13:55:17Z,https://timesofindia.indiatimes.com/city/kolkata/itc-fmcg-business-nears-4-billion-annual-consumer-spend-milestone/articleshow/132017787.cms
The Times of India,Ahmedabad: Company directors booked for cheating FMCG distributors of ₹4.7cr,"CID Crime booked Osia Hyper Retail directors for alleged Rs 4.73 crore fraud on FMCG distributors after credit purchases, bounced cheques, and unpaid dues.",2026-07-07T18:51:02Z,https://timesofindia.indiatimes.com/city/ahmedabad/ahmedabad-company-directors-booked-for-cheating-fmcg-distributors-of-4-7cr/articleshow/132246513.cms
Livemint,FMCG companies hopeful of healthy Q1 growth despite inflationary headwinds,Calibrated price hikes have helped Indian FMCG companies navigate cost volatility without adversely affecting sales volumes,2026-07-07T08:05:04Z,https://www.livemint.com/companies/news/fmcg-companies-healthy-q1-growth-inflationary-headwinds-price-hikes-sales-volumes-raw-material-costs-margin-pressure-11783395026662.html
TheJournal.ie,These were Ireland's most popular low-cost consumer brands last year,Inflation means the branded fast-moving consumer goods sector is grappling with more careful consumers.,2026-06-25T11:34:55Z,https://www.thejournal.ie/most-popular-consumer-brands-7081291-Jun2026/
The Times of India,"El Nino emerges as key risk to FMCG demand, weak monsoon could weigh on rural consumption",India's FMCG sector faces headwinds as El Nino threatens a weaker monsoon. A deficient monsoon could hurt agricultural output and weaken rural sentiment. This situation may lead to higher food inflation and reduced household discretionary spending. Farm incom…,2026-07-09T09:06:17Z,https://economictimes.indiatimes.com/news/economy/indicators/el-nino-emerges-as-key-risk-to-fmcg-demand-weak-monsoon-could-weigh-on-rural-consumption/articleshow/132281653.cms
Just-food.com,Barebells owner to merge with protein-bar manufacturer,"Jonas Pettersson, Vitamin Well’s CEO and founder, called the deal a “transformational moment” for the company.",2026-07-03T14:04:38Z,https://www.just-food.com/news/barebells-protein-bars-owner-merger/
PRNewswire,"O Positiv Expands at CVS With Best-Selling Vaginal Moisture Support Capsules and Suppositories, and Ovarian Support Capsules","The new items join O Positiv's suite in the Feminine Care aisle, including the #1 best-selling vaginal probiotic in the country, which is now available in over 6,000 CVS stores nationwide LOS ANGELES, July 7, 2026 /PRNewswire/ -- O Positiv Health, the brand b…",2026-07-07T13:21:00Z,https://www.prnewswire.com/news-releases/o-positiv-expands-at-cvs-with-best-selling-vaginal-moisture-support-capsules-and-suppositories-and-ovarian-support-capsules-302819534.html
GlobeNewswire,"RedCloud Signs Up to $120M India Joint Venture, to Deploy Its RAID Engine Into FMCG, Apparel and Footwear Categories","Twenty-year license agreement marks RedCloud's first planned deployment in Asia and first expansion beyond Fast Moving Consumer Goods (‘FMCG’) into adjacent consumer goods categories, extending intelligence infrastructure into footwear, apparel and broader su…",2026-06-24T13:20:00Z,https://www.globenewswire.com/news-release/2026/06/24/3316923/0/en/RedCloud-Signs-Up-to-120M-India-Joint-Venture-to-Deploy-Its-RAID-Engine-Into-FMCG-Apparel-and-Footwear-Categories.html
Livemint,ITC’s FMCG expansion bears fruit as new-age brands deliver 60% growth,"The aggressive expansion of ITC beyond the Aashirvad brand is yielding positive results, with its digital-first acquisitions achieving an annual run rate exceeding  ₹1,350 crore in FY26. But near-term profitability remains a work in progress for these acquisi…",2026-06-29T00:15:12Z,https://www.livemint.com/industry/itc-fmcg-expansion-digital-brands-cross-rs-1350-crore-run-rate-11782623526030.html
The Times of India,"FMCG could outshine, IT guidance key this earnings season: Narendra Solanki","India's Q1 earnings season kicks off with a focus on sectoral performance. While banking, manufacturing, and auto ancillaries are poised for steady gains, the IT sector faces headwinds from AI disruption and global uncertainty. Investors are keenly watching f…",2026-07-03T05:43:08Z,https://economictimes.indiatimes.com/markets/expert-view/fmcg-could-outshine-it-guidance-key-this-earnings-season-narendra-solanki/articleshow/132153442.cms
Livemint,"DS Group boosts FY27 hotel investment by 50% to ₹1,500 crore amid hospitality boom","The FMCG-to-hospitality player is targeting 10-12 hotels by FY29, expands through acquisitions and new projects as demand outpaces supply",2026-06-17T06:01:03Z,https://www.livemint.com/companies/news/ds-group-raises-hotel-investment-to-rs-1500-crore-amid-hospitality-boom-11781666511718.html
Economictimes.com,"ITC, HUL among 10 FMCG stocks that have tumbled up to 31% in 2026. How many do you have?","FMCG stocks remained under pressure in 2026, with the sector index declining 10% year-to-date amid geopolitical disruptions and inflationary pressures. Most major names, including ITC, Dabur and Godrej Consumer Products saw sharp declines, while Hindustan Uni…",2026-06-26T04:08:09Z,https://m.economictimes.com/markets/stocks/news/itc-hul-among-10-fmcg-stocks-that-have-tumbled-up-to-31-in-2026-how-many-do-you-have/index-drag/slideshow/132006987.cms
The Times of India,Reliance eyes export-led push with new manufacturing platforms across key consumer segments,"Reliance Industries is set to revolutionize manufacturing across beverages, daily essentials, garments, and electronics, with a significant push for global exports. Chairman Mukesh Ambani revealed plans for advanced production ecosystems, leveraging supplier …",2026-06-19T13:07:07Z,https://economictimes.indiatimes.com/news/india/reliance-eyes-export-led-push-with-new-manufacturing-platforms-across-key-consumer-segments/articleshow/131859738.cms
Livemint,Depth over breadth: Piramal Consumer Healthcare takes a leaf out of the modern FMCG playbook,"The company is cutting new product launches by half and doubling down on quick commerce to chase a $200 million revenue target by 2030, CEO Sai Ramana Ponugoti told Mint.",2026-06-28T01:30:53Z,https://www.livemint.com/companies/news/piramal-consumer-healthcare-otc-drug-market-india-11782474692356.html
Livemint,India's beverage market is moving beyond fizzy drinks. FMCG companies are racing to catch up,"Beverage companies in India are shifting gears, launching innovative drinks that cater to the demand for healthier and functional options. As fizzy drinks see a slowdown, companies like Hindustan Unilever and Varun Beverages are tapping into year-round consum…",2026-07-12T05:18:38Z,https://www.livemint.com/companies/news/fmcg-companies-quick-commerce-health-trends-beverage-launches-fizzy-drinks-summer-sales-11783666531835.html
GlobeNewswire,"[Latest] Fast Moving Consumer Goods (FMCG) Market to Grow Rapidly, Hitting US$ 7.22 Billion by 2034 at a 5.44% CAGR, due to Rising Population, Incomes, Urbanization, and Expanding E-Commerce/Delivery Networks, says ZMR","Fast moving consumer goods (FMCG) market size is projected to reach USD 7.22 billion by 2034 from its value of USD 4.72 billion in 2024, at a CAGR of 5.44%",2026-07-13T13:15:00Z,https://www.globenewswire.com/news-release/2026/07/13/3326238/0/en/Latest-Fast-Moving-Consumer-Goods-FMCG-Market-to-Grow-Rapidly-Hitting-US-7-22-Billion-by-2034-at-a-5-44-CAGR-due-to-Rising-Population-Incomes-Urbanization-and-Expanding-E-Commerce-.html
BusinessLine,Reliance eyes ₹4 lakh crore EBITDA by 2031; Bets big on AI and clean energy,"Reliance aims for ₹4 lakh crore EBITDA by 2031, focusing on AI, clean energy, and Jio's IPO for growth.",2026-06-19T16:18:45Z,https://www.thehindubusinessline.com/companies/reliance-eyes-4-lakh-crore-ebitda-by-2031-bets-big-on-ai-and-clean-energy/article71122717.ece
BusinessLine,"Nestle India bets on deeper penetration in tier-2, Tier-3 towns wher consumption is rising faster: CMD","Food inflation reshaped household choices in ways that went far beyond prices as families reconsidered pack sizes, purchase frequencies and category priorities in FY26 : Nestle India CMD Manish Tiwary",2026-07-03T15:26:12Z,https://www.thehindubusinessline.com/companies/nestle-india-bets-on-deeper-penetration-in-tier-2-tier-3-towns-wher-consumption-is-rising-faster-cmd/article71179614.ece
The Times of India,Marico's best volume growth in quarters isn't luck; Abneesh Roy on what's really driving it,"Marico is experiencing its strongest volume growth in quarters, signaling a genuine FMCG sector turnaround, not a statistical blip. Analyst Abneesh Roy anticipates this recovery to persist for at least two more quarters.  Marico's raw material costs, particul…",2026-07-03T08:41:00Z,https://economictimes.indiatimes.com/markets/expert-view/maricos-best-volume-growth-in-quarters-isnt-luck-abneesh-roy-on-whats-really-driving-it/articleshow/132156676.cms
The Times of India,"Crude at $65, consumption boom, and the Rupee's new shield: Dinshaw Irani's big market calls","India's economic headwinds are easing, with falling crude oil prices and a stabilizing rupee poised to boost the market. Helios Mutual Fund CEO Dinshaw Irani anticipates oil prices dropping to around $65 per barrel, significantly benefiting India. He favors d…",2026-06-26T09:05:30Z,https://economictimes.indiatimes.com/markets/expert-view/crude-at-65-consumption-boom-and-the-rupees-new-shield-dinshaw-iranis-big-market-calls/articleshow/132011822.cms
GlobeNewswire,"RedCloud Launches RedAI Strategy, Its First Commercial AI Application, Delivering Predictive Market Intelligence to Global FMCG Teams","RedAI Strategy is live today in Nigeria, with rollout planned for other RedCloud markets — the first commercial application built on RedCloud’s AI infrastructure and intended to be a key step toward the Company’s growth plans RedAI Strategy is live today in N…",2026-06-30T13:20:00Z,https://www.globenewswire.com/news-release/2026/06/30/3319798/0/en/RedCloud-Launches-RedAI-Strategy-Its-First-Commercial-AI-Application-Delivering-Predictive-Market-Intelligence-to-Global-FMCG-Teams.html
The Times of India,"Nifty upside limited, but stock-specific opportunities remain: Pramod Amthe","Indian equities face headwinds from inflation and monsoon uncertainty, yet opportunities exist. Pramod Amthe of InCred Capital highlights sectors with pricing power like FMCG and paints, alongside preferred auto segments and NBFCs. While broad market gains ma…",2026-06-17T05:01:17Z,https://economictimes.indiatimes.com/markets/expert-view/nifty-upside-limited-but-stock-specific-opportunities-remain-pramod-amthe/articleshow/131786857.cms
The Times of India,"Nifty eyes 25,000 as July rally builds; banking, realty and auto lead the charge: Rohit Srivastava","Market strategist Rohit Srivastava anticipates a strong summer for Indian equities, with the Nifty poised for gains. He highlights banking, realty, and auto sectors as key beneficiaries of favorable seasonal trends and interest rate sensitivity. While pharma …",2026-07-01T09:41:55Z,https://economictimes.indiatimes.com/markets/expert-view/nifty-eyes-25000-as-july-rally-builds-banking-realty-and-auto-lead-the-charge-rohit-srivastava/articleshow/132111508.cms
The Times of India,"Jewellery, defence, and banks: Nuvama's Nikhil Ranka reveals where to find real opportunities","Nuvama Asset Management's Nikhil Ranka identifies key investment opportunities and potential pitfalls in India's equity markets. While retail faces valuation concerns, jewellery shines. FMCG stocks offer a potential catch-up trade. Defence presents a long-ter…",2026-06-25T04:29:00Z,https://economictimes.indiatimes.com/markets/expert-view/jewellery-defence-and-banks-nuvamas-nikhil-ranka-reveals-where-to-find-real-opportunities/articleshow/131982286.cms
The Times of India,Beyond Jio IPO: 5 triggers Mukesh Ambani has lined up to revive Reliance shares for 44 lakh investors,"Reliance Industries is charting a new course to boost its stock for 44 lakh investors, moving beyond a potential Jio IPO. Billionaire Mukesh Ambani has unveiled five key growth drivers, including revitalizing the O2C business, scaling up new energy ventures, …",2026-06-23T03:04:17Z,https://economictimes.indiatimes.com/markets/ipos/fpos/beyond-jio-ipo-5-triggers-mukesh-ambani-has-lined-up-to-revive-reliance-shares-for-44-lakh-investors/articleshow/131923718.cms
The Times of India,"Christy Mathai used market dip to buy insurance, logistics stocks; here's his sector-by-sector playbook","Fund Manager Christy Mathai sees easing war-driven inflation fears, expecting a shorter earnings hit. He's selectively adding to his portfolio, favoring financials and IT over defense and chemicals. Mathai anticipates an AI-driven inflection point for IT serv…",2026-06-18T12:39:52Z,https://economictimes.indiatimes.com/markets/expert-view/christy-mathai-used-market-dip-to-buy-insurance-logistics-stocks-heres-his-sector-by-sector-playbook/articleshow/131830821.cms
PRNewswire,"Following the announcement of Jack Corley's retirement, we are pleased to share that Steven Weaver has been promoted to the role of Chief Sales Officer, effective July 3rd, 2026","SOMERSET, N.J., June 27, 2026 /PRNewswire/ -- Steven joined Custom Essence as Vice President of Business Development in July 2025 after almost 20 years with Symrise where he most recently served as Vice President of Sales, North America. While at Symrise, he …",2026-06-27T13:19:00Z,https://www.prnewswire.com/news-releases/following-the-announcement-of-jack-corleys-retirement-we-are-pleased-to-share-that-steven-weaver-has-been-promoted-to-the-role-of-chief-sales-officer-effective-july-3rd-2026-302812576.html
The Times of India,Hormuz & Iran war can slow India down but not hold it back,"Despite the Iran war, Strait of Hormuz risks and elevated crude oil prices, the IMF expects India to remain one of the world's fastest-growing major economies. Strong consumer spending, booming automobile sales, rising FMCG demand, resilient services and robu…",2026-07-09T08:35:03Z,https://economictimes.indiatimes.com/news/economy/indicators/hormuz-iran-war-oil-prices-cant-hold-indian-economy-down-as-imf-gdp-growth-outlook-shows-domestic-consumption-and-services-strength/articleshow/132281050.cms
Livemint,"Nifty India Consumption Index beats Nifty 50 over 3, 5, and 10 years: Here are the top 5 ETFs tracking the theme","The Nifty India Consumption Index tracks 30 companies across sectors linked to India's consumption story, including FMCG, automobiles, telecom, and healthcare. Investors can access this theme through ETFs such as Nippon India ETF Nifty India Consumption and I…",2026-07-13T12:36:17Z,https://www.livemint.com/money/personal-finance/nifty-india-consumption-index-beats-nifty-50-over-3-5-and-10-years-here-are-the-top-5-etfs-tracking-the-theme-11783939036612.html
RTE,Brennans tops Worldpanel by Numerator's Brand report,A new report reveals that Brennans Bread is the most chosen Fast-Moving Consumer Goods (FMCG) brand in Ireland.,2026-06-25T09:19:30Z,https://www.rte.ie/news/business/2026/0625/1580266-worldpanel-by-numerators-brand-footprint-report/
Biztoc.com,"What’s driving China’s retailers to bet on own brands? Profit growth, price control: S&P","China’s biggest retailers are increasingly betting on private-label products as a long-term engine for profit growth and customer loyalty, with the category forecast to double its share of the country’s fast-moving consumer goods (FMCG) market over the next e…",2026-06-30T23:09:30Z,https://biztoc.com/x/82817143f5b8cf14
The Times of India,"Falling crude, stable macros set stage for India's next growth phase: Aditya Kondawar","India's equity markets face a crucial earnings season with supportive macroeconomics, yet IT sector sentiment is dampened by AI uncertainties and slowing growth. Expert Aditya Kondawar notes IT's valuation correction, while highlighting potential in automotiv…",2026-07-02T05:15:07Z,https://economictimes.indiatimes.com/markets/expert-view/falling-crude-stable-macros-set-stage-for-indias-next-growth-phase-aditya-kondawar/articleshow/132129586.cms
BusinessLine,"P&G Hygiene and Health Care says operating environment remains volatile, some near-term challenges to continue",Procter & Gamble Hygiene and Health Care Ltd (PGHH) on Tuesday said that the operating environment remains volatile as it anticipates some near-term challenges to persist amidst evolving global trade policies and commodity prices,2026-06-16T15:16:07Z,https://www.thehindubusinessline.com/companies/pg-hygiene-and-health-care-says-operating-environment-remains-volatile-some-near-term-challenges-to-continue/article71109766.ece
PRNewswire,Coca-Cola's World Cup AI Avatar Showcases Brand's Cutting-edge AI Innovation,"BEIJING, June 24, 2026 /PRNewswire/ -- During the 2026 FIFA World Cup, Coca-Cola China launched a new sports marketing campaign featuring a real-time interactive AI avatar of Chinese football icon Fan Zhiyi alongside a World Cup-themed AIGC creative film. Dev…",2026-06-24T06:01:00Z,https://www.prnewswire.com/news-releases/coca-colas-world-cup-ai-avatar-showcases-brands-cutting-edge-ai-innovation-302808842.html
The Times of India,Functional & Innovative Foods files DRHP with Sebi for IPO,"Functional & Innovative Foods has filed its DRHP with Sebi for an IPO comprising a fresh issue of 60 lakh shares and an offer for sale of 25 lakh shares. The company plans to use the proceeds for capacity expansion, debt repayment, subsidiary investment, work…",2026-07-02T12:08:13Z,https://economictimes.indiatimes.com/markets/ipos/fpos/functional-innovative-foods-files-drhp-with-sebi-for-ipo/articleshow/132138663.cms
Livemint,Godrej Pet Care to build broader pet products portfolio after Ninja debut,"Godrej Pet Care plans to expand Ninja beyond dry dog food into wet food, treats and cat food as it targets India's fast-growing pet nutrition market dominated by Mars and Drools.",2026-07-07T10:06:38Z,https://www.livemint.com/companies/godrej-pet-care-godrej-consumer-products-gcpl-ninja-dog-food-pet-food-india-wet-dog-food-cat-food-pet-treats-11783406733317.html
The Times of India,"ITC charts growth through FMCG, digital farming and fresh foods","ITC Ltd is aggressively pursuing a medium-term growth strategy, aiming to become India's top FMCG player by bolstering core brands and exploring new health and convenience offerings. The company is also scaling its digital agriculture platform, ITCMAARS, to s…",2026-06-26T14:34:20Z,https://economictimes.indiatimes.com/industry/cons-products/fmcg/itc-charts-growth-through-fmcg-digital-farming-and-fresh-foods/articleshow/132018730.cms
BusinessLine,Dabur India makes strategic bets to drive premiumisation with digital-first focus,"As part of its strategy to reimagine the role of its heritage brands, the company has extended Dabur Gulabari into the personal care space with a range of shower gels",2026-07-07T15:04:42Z,https://www.thehindubusinessline.com/companies/dabur-india-makes-strategic-bets-to-drive-premiumisation-with-digital-first-focus/article71194524.ece
